algo,serie,taille,temps
quickRandomSeuil,testset1,1000,0.0413
quickRandomSeuil,testset1,1000,0.0858
quickRandomSeuil,testset1,1000,0.0416
quickRandomSeuil,testset1,1000,0.0467
quickRandomSeuil,testset1,1000,0.0448
quickRandomSeuil,testset1,1000,0.0436
quickRandomSeuil,testset1,1000,0.0454
quickRandomSeuil,testset1,1000,0.0426
quickRandomSeuil,testset1,1000,0.0415
quickRandomSeuil,testset1,1000,0.0416
quickRandomSeuil,testset1,1000,0.0473
quickRandomSeuil,testset1,1000,0.0421
quickRandomSeuil,testset1,1000,0.0421
quickRandomSeuil,testset1,1000,0.0442
quickRandomSeuil,testset1,1000,0.0436
quickRandomSeuil,testset1,1000,0.0433
quickRandomSeuil,testset1,1000,0.0448
quickRandomSeuil,testset1,1000,0.0448
quickRandomSeuil,testset1,1000,0.0415
quickRandomSeuil,testset1,1000,0.0422
quickRandomSeuil,testset1,1000,0.0417
quickRandomSeuil,testset1,1000,0.0414
quickRandomSeuil,testset1,1000,0.0411
quickRandomSeuil,testset1,1000,0.0521
quickRandomSeuil,testset1,1000,0.0508
quickRandomSeuil,testset1,1000,0.0411
quickRandomSeuil,testset1,1000,0.0423
quickRandomSeuil,testset1,1000,0.0403
quickRandomSeuil,testset1,1000,0.0421
quickRandomSeuil,testset1,1000,0.0436
quickRandomSeuil,testset1,1000,0.041
quickRandomSeuil,testset1,1000,0.0425
quickRandomSeuil,testset1,1000,0.0411
quickRandomSeuil,testset1,1000,0.0408
quickRandomSeuil,testset1,1000,0.0406
quickRandomSeuil,testset1,1000,0.0406
quickRandomSeuil,testset1,1000,0.0492
quickRandomSeuil,testset1,1000,0.0431
quickRandomSeuil,testset1,1000,0.0507
quickRandomSeuil,testset1,1000,0.0429
quickRandomSeuil,testset1,1000,0.0423
quickRandomSeuil,testset1,1000,0.0415
quickRandomSeuil,testset1,1000,0.0424
quickRandomSeuil,testset1,1000,0.0419
quickRandomSeuil,testset1,1000,0.042
quickRandomSeuil,testset1,1000,0.0422
quickRandomSeuil,testset1,1000,0.0413
quickRandomSeuil,testset1,1000,0.0413
quickRandomSeuil,testset1,1000,0.043
quickRandomSeuil,testset1,1000,0.0431
quickRandomSeuil,testset1,1000,0.0423
quickRandomSeuil,testset1,1000,0.0429
quickRandomSeuil,testset1,1000,0.0531
quickRandomSeuil,testset1,1000,0.0437
quickRandomSeuil,testset1,1000,0.0412
quickRandomSeuil,testset1,1000,0.0422
quickRandomSeuil,testset1,1000,0.0417
quickRandomSeuil,testset1,1000,0.084
quickRandomSeuil,testset1,1000,0.0408
quickRandomSeuil,testset1,1000,0.0413
quickRandomSeuil,testset1,1000,0.0413
quickRandomSeuil,testset1,1000,0.0401
quickRandomSeuil,testset1,1000,0.0415
quickRandomSeuil,testset1,1000,0.0426
quickRandomSeuil,testset1,1000,0.0414
quickRandomSeuil,testset1,1000,0.0402
quickRandomSeuil,testset1,1000,0.0405
quickRandomSeuil,testset1,1000,0.041
quickRandomSeuil,testset1,1000,0.052
quickRandomSeuil,testset1,1000,0.0407
quickRandomSeuil,testset1,1000,0.043
quickRandomSeuil,testset1,1000,0.041
quickRandomSeuil,testset1,1000,0.0418
quickRandomSeuil,testset1,1000,0.0437
quickRandomSeuil,testset1,1000,0.0447
quickRandomSeuil,testset1,1000,0.043
quickRandomSeuil,testset1,1000,0.0552
quickRandomSeuil,testset1,1000,0.042
quickRandomSeuil,testset1,1000,0.053
quickRandomSeuil,testset1,1000,0.0454
quickRandomSeuil,testset1,1000,0.0526
quickRandomSeuil,testset1,1000,0.0428
quickRandomSeuil,testset1,1000,0.0424
quickRandomSeuil,testset1,1000,0.0424
quickRandomSeuil,testset1,1000,0.0408
quickRandomSeuil,testset1,1000,0.0416
quickRandomSeuil,testset1,1000,0.0408
quickRandomSeuil,testset1,1000,0.0405
quickRandomSeuil,testset1,1000,0.0405
quickRandomSeuil,testset1,1000,0.0408
quickRandomSeuil,testset1,1000,0.0591
quickRandomSeuil,testset1,1000,0.0431
quickRandomSeuil,testset1,1000,0.0436
quickRandomSeuil,testset1,1000,0.0435
quickRandomSeuil,testset1,1000,0.0431
quickRandomSeuil,testset1,1000,0.0443
quickRandomSeuil,testset1,1000,0.082
quickRandomSeuil,testset1,1000,0.0431
quickRandomSeuil,testset1,1000,0.0415
quickRandomSeuil,testset1,1000,0.0427
quickRandomSeuil,testset1,10000,0.4582
quickRandomSeuil,testset1,10000,0.4549
quickRandomSeuil,testset1,10000,0.4947
quickRandomSeuil,testset1,10000,0.6194
quickRandomSeuil,testset1,10000,0.4848
quickRandomSeuil,testset1,10000,0.5112
quickRandomSeuil,testset1,10000,0.828
quickRandomSeuil,testset1,10000,0.4876
quickRandomSeuil,testset1,10000,0.4942
quickRandomSeuil,testset1,10000,0.4842
quickRandomSeuil,testset1,10000,0.4876
quickRandomSeuil,testset1,10000,0.4845
quickRandomSeuil,testset1,10000,0.5189
quickRandomSeuil,testset1,10000,0.4766
quickRandomSeuil,testset1,10000,0.4777
quickRandomSeuil,testset1,10000,0.4818
quickRandomSeuil,testset1,10000,0.459
quickRandomSeuil,testset1,10000,0.4962
quickRandomSeuil,testset1,10000,0.6523
quickRandomSeuil,testset1,10000,0.4728
quickRandomSeuil,testset1,10000,0.4934
quickRandomSeuil,testset1,10000,0.4734
quickRandomSeuil,testset1,10000,0.491
quickRandomSeuil,testset1,10000,0.4581
quickRandomSeuil,testset1,10000,0.478
quickRandomSeuil,testset1,10000,0.4986
quickRandomSeuil,testset1,10000,0.5012
quickRandomSeuil,testset1,10000,0.4851
quickRandomSeuil,testset1,10000,0.4576
quickRandomSeuil,testset1,10000,0.4623
quickRandomSeuil,testset1,10000,0.4556
quickRandomSeuil,testset1,10000,0.4979
quickRandomSeuil,testset1,10000,0.7777
quickRandomSeuil,testset1,10000,0.4565
quickRandomSeuil,testset1,10000,0.4723
quickRandomSeuil,testset1,10000,0.4861
quickRandomSeuil,testset1,10000,0.5408
quickRandomSeuil,testset1,10000,0.5121
quickRandomSeuil,testset1,10000,0.5031
quickRandomSeuil,testset1,10000,0.4708
quickRandomSeuil,testset1,10000,0.4784
quickRandomSeuil,testset1,10000,0.4542
quickRandomSeuil,testset1,10000,0.5351
quickRandomSeuil,testset1,10000,0.4576
quickRandomSeuil,testset1,10000,0.4795
quickRandomSeuil,testset1,10000,0.4792
quickRandomSeuil,testset1,10000,0.4791
quickRandomSeuil,testset1,10000,0.4791
quickRandomSeuil,testset1,10000,0.5727
quickRandomSeuil,testset1,10000,0.5856
quickRandomSeuil,testset1,10000,0.5482
quickRandomSeuil,testset1,10000,0.4756
quickRandomSeuil,testset1,10000,0.6018
quickRandomSeuil,testset1,10000,0.4997
quickRandomSeuil,testset1,10000,0.4536
quickRandomSeuil,testset1,10000,0.7523
quickRandomSeuil,testset1,10000,0.4674
quickRandomSeuil,testset1,10000,0.5209
quickRandomSeuil,testset1,10000,0.4679
quickRandomSeuil,testset1,10000,0.4592
quickRandomSeuil,testset1,10000,0.4699
quickRandomSeuil,testset1,10000,0.5579
quickRandomSeuil,testset1,10000,0.4885
quickRandomSeuil,testset1,10000,0.5033
quickRandomSeuil,testset1,10000,0.5194
quickRandomSeuil,testset1,10000,0.5008
quickRandomSeuil,testset1,10000,0.5404
quickRandomSeuil,testset1,10000,0.4795
quickRandomSeuil,testset1,10000,0.4719
quickRandomSeuil,testset1,10000,0.4959
quickRandomSeuil,testset1,10000,0.4873
quickRandomSeuil,testset1,10000,0.6984
quickRandomSeuil,testset1,10000,0.483
quickRandomSeuil,testset1,10000,0.4869
quickRandomSeuil,testset1,10000,0.4988
quickRandomSeuil,testset1,10000,0.4684
quickRandomSeuil,testset1,10000,0.6921
quickRandomSeuil,testset1,10000,0.4809
quickRandomSeuil,testset1,10000,0.5125
quickRandomSeuil,testset1,10000,0.5528
quickRandomSeuil,testset1,10000,0.4669
quickRandomSeuil,testset1,10000,0.5362
quickRandomSeuil,testset1,10000,0.4667
quickRandomSeuil,testset1,10000,0.551
quickRandomSeuil,testset1,10000,0.4624
quickRandomSeuil,testset1,10000,0.6849
quickRandomSeuil,testset1,10000,0.4664
quickRandomSeuil,testset1,10000,0.6284
quickRandomSeuil,testset1,10000,0.5943
quickRandomSeuil,testset1,10000,0.4647
quickRandomSeuil,testset1,10000,0.5437
quickRandomSeuil,testset1,10000,0.47
quickRandomSeuil,testset1,10000,0.4891
quickRandomSeuil,testset1,10000,0.4948
quickRandomSeuil,testset1,10000,0.7816
quickRandomSeuil,testset1,10000,0.4598
quickRandomSeuil,testset1,10000,0.4685
quickRandomSeuil,testset1,10000,0.48
quickRandomSeuil,testset1,10000,0.6636
quickRandomSeuil,testset1,10000,0.5176
quickRandomSeuil,testset1,100000,5.5234
quickRandomSeuil,testset1,100000,5.4305
quickRandomSeuil,testset1,100000,5.395
quickRandomSeuil,testset1,100000,5.8963
quickRandomSeuil,testset1,100000,5.6461
quickRandomSeuil,testset1,100000,5.5949
quickRandomSeuil,testset1,100000,5.6457
quickRandomSeuil,testset1,100000,5.8572
quickRandomSeuil,testset1,100000,5.5363
quickRandomSeuil,testset1,100000,5.5955
quickRandomSeuil,testset1,100000,5.5105
quickRandomSeuil,testset1,100000,6.1003
quickRandomSeuil,testset1,100000,5.7721
quickRandomSeuil,testset1,100000,5.9593
quickRandomSeuil,testset1,100000,5.7448
quickRandomSeuil,testset1,100000,5.5275
quickRandomSeuil,testset1,100000,5.701
quickRandomSeuil,testset1,100000,5.4802
quickRandomSeuil,testset1,100000,5.6767
quickRandomSeuil,testset1,100000,5.4429
quickRandomSeuil,testset1,100000,6.462
quickRandomSeuil,testset1,100000,5.6454
quickRandomSeuil,testset1,100000,5.5146
quickRandomSeuil,testset1,100000,6.0032
quickRandomSeuil,testset1,100000,5.5799
quickRandomSeuil,testset1,100000,5.5632
quickRandomSeuil,testset1,100000,5.6602
quickRandomSeuil,testset1,100000,6.6919
quickRandomSeuil,testset1,100000,6.0087
quickRandomSeuil,testset1,100000,6.1419
quickRandomSeuil,testset1,100000,5.6396
quickRandomSeuil,testset1,100000,5.6086
quickRandomSeuil,testset1,100000,5.7691
quickRandomSeuil,testset1,100000,5.5984
quickRandomSeuil,testset1,100000,5.9004
quickRandomSeuil,testset1,100000,5.9648
quickRandomSeuil,testset1,100000,6.2998
quickRandomSeuil,testset1,100000,6.0524
quickRandomSeuil,testset1,100000,5.9256
quickRandomSeuil,testset1,100000,6.1727
quickRandomSeuil,testset1,100000,5.5063
quickRandomSeuil,testset1,100000,6.2243
quickRandomSeuil,testset1,100000,5.8831
quickRandomSeuil,testset1,100000,5.4086
quickRandomSeuil,testset1,100000,5.4581
quickRandomSeuil,testset1,100000,6.363
quickRandomSeuil,testset1,100000,5.9802
quickRandomSeuil,testset1,100000,5.4481
quickRandomSeuil,testset1,100000,5.6294
quickRandomSeuil,testset1,100000,5.7403
quickRandomSeuil,testset1,100000,5.6019
quickRandomSeuil,testset1,100000,5.6965
quickRandomSeuil,testset1,100000,5.6383
quickRandomSeuil,testset1,100000,5.9083
quickRandomSeuil,testset1,100000,5.5982
quickRandomSeuil,testset1,100000,5.451
quickRandomSeuil,testset1,100000,6.0325
quickRandomSeuil,testset1,100000,5.4485
quickRandomSeuil,testset1,100000,5.6124
quickRandomSeuil,testset1,100000,5.5055
quickRandomSeuil,testset1,100000,5.5371
quickRandomSeuil,testset1,100000,5.5908
quickRandomSeuil,testset1,100000,5.6642
quickRandomSeuil,testset1,100000,5.8707
quickRandomSeuil,testset1,100000,5.8509
quickRandomSeuil,testset1,100000,6.5186
quickRandomSeuil,testset1,100000,6.4962
quickRandomSeuil,testset1,100000,6.2672
quickRandomSeuil,testset1,100000,5.5646
quickRandomSeuil,testset1,100000,6.1431
quickRandomSeuil,testset1,100000,5.5677
quickRandomSeuil,testset1,100000,5.7538
quickRandomSeuil,testset1,100000,5.874
quickRandomSeuil,testset1,100000,5.6193
quickRandomSeuil,testset1,100000,6.0319
quickRandomSeuil,testset1,100000,5.5534
quickRandomSeuil,testset1,100000,5.5207
quickRandomSeuil,testset1,100000,5.8337
quickRandomSeuil,testset1,100000,5.8088
quickRandomSeuil,testset1,100000,5.5687
quickRandomSeuil,testset1,100000,5.5646
quickRandomSeuil,testset1,100000,5.693
quickRandomSeuil,testset1,100000,6.013
quickRandomSeuil,testset1,100000,5.4978
quickRandomSeuil,testset1,100000,5.8356
quickRandomSeuil,testset1,100000,5.9279
quickRandomSeuil,testset1,100000,5.6811
quickRandomSeuil,testset1,100000,6.0785
quickRandomSeuil,testset1,100000,5.9624
quickRandomSeuil,testset1,100000,6.0479
quickRandomSeuil,testset1,100000,6.4064
quickRandomSeuil,testset1,100000,6.3453
quickRandomSeuil,testset1,100000,5.7367
quickRandomSeuil,testset1,100000,5.5271
quickRandomSeuil,testset1,100000,6.1395
quickRandomSeuil,testset1,100000,5.6666
quickRandomSeuil,testset1,100000,5.9988
quickRandomSeuil,testset1,100000,5.4862
quickRandomSeuil,testset1,100000,6.2249
quickRandomSeuil,testset1,100000,5.9281
quickRandomSeuil,testset1,5000,0.2263
quickRandomSeuil,testset1,5000,0.2253
quickRandomSeuil,testset1,5000,0.2254
quickRandomSeuil,testset1,5000,0.2773
quickRandomSeuil,testset1,5000,0.2212
quickRandomSeuil,testset1,5000,0.2207
quickRandomSeuil,testset1,5000,0.2429
quickRandomSeuil,testset1,5000,0.2621
quickRandomSeuil,testset1,5000,0.2209
quickRandomSeuil,testset1,5000,0.2201
quickRandomSeuil,testset1,5000,0.2216
quickRandomSeuil,testset1,5000,0.242
quickRandomSeuil,testset1,5000,0.2261
quickRandomSeuil,testset1,5000,0.2151
quickRandomSeuil,testset1,5000,0.2206
quickRandomSeuil,testset1,5000,0.2421
quickRandomSeuil,testset1,5000,0.2171
quickRandomSeuil,testset1,5000,0.2209
quickRandomSeuil,testset1,5000,0.236
quickRandomSeuil,testset1,5000,0.215
quickRandomSeuil,testset1,5000,0.315
quickRandomSeuil,testset1,5000,0.2376
quickRandomSeuil,testset1,5000,0.2304
quickRandomSeuil,testset1,5000,0.2339
quickRandomSeuil,testset1,5000,0.234
quickRandomSeuil,testset1,5000,0.2159
quickRandomSeuil,testset1,5000,0.2451
quickRandomSeuil,testset1,5000,0.3435
quickRandomSeuil,testset1,5000,0.2881
quickRandomSeuil,testset1,5000,0.2255
quickRandomSeuil,testset1,5000,0.2409
quickRandomSeuil,testset1,5000,0.4702
quickRandomSeuil,testset1,5000,0.2457
quickRandomSeuil,testset1,5000,0.2366
quickRandomSeuil,testset1,5000,0.2336
quickRandomSeuil,testset1,5000,0.2313
quickRandomSeuil,testset1,5000,0.2313
quickRandomSeuil,testset1,5000,0.2886
quickRandomSeuil,testset1,5000,0.3157
quickRandomSeuil,testset1,5000,0.2807
quickRandomSeuil,testset1,5000,0.2285
quickRandomSeuil,testset1,5000,0.2316
quickRandomSeuil,testset1,5000,0.2589
quickRandomSeuil,testset1,5000,0.2601
quickRandomSeuil,testset1,5000,0.2236
quickRandomSeuil,testset1,5000,0.2307
quickRandomSeuil,testset1,5000,0.2199
quickRandomSeuil,testset1,5000,0.2281
quickRandomSeuil,testset1,5000,0.243
quickRandomSeuil,testset1,5000,0.2223
quickRandomSeuil,testset1,5000,0.2262
quickRandomSeuil,testset1,5000,0.22
quickRandomSeuil,testset1,5000,0.2249
quickRandomSeuil,testset1,5000,0.2301
quickRandomSeuil,testset1,5000,0.2244
quickRandomSeuil,testset1,5000,0.2411
quickRandomSeuil,testset1,5000,0.3092
quickRandomSeuil,testset1,5000,0.2187
quickRandomSeuil,testset1,5000,0.2243
quickRandomSeuil,testset1,5000,0.2194
quickRandomSeuil,testset1,5000,0.2394
quickRandomSeuil,testset1,5000,0.2434
quickRandomSeuil,testset1,5000,0.2241
quickRandomSeuil,testset1,5000,0.219
quickRandomSeuil,testset1,5000,0.2195
quickRandomSeuil,testset1,5000,0.2197
quickRandomSeuil,testset1,5000,0.2189
quickRandomSeuil,testset1,5000,0.2205
quickRandomSeuil,testset1,5000,0.22
quickRandomSeuil,testset1,5000,0.2453
quickRandomSeuil,testset1,5000,0.2233
quickRandomSeuil,testset1,5000,0.2425
quickRandomSeuil,testset1,5000,0.2184
quickRandomSeuil,testset1,5000,0.2769
quickRandomSeuil,testset1,5000,0.2185
quickRandomSeuil,testset1,5000,0.2246
quickRandomSeuil,testset1,5000,0.2403
quickRandomSeuil,testset1,5000,0.2425
quickRandomSeuil,testset1,5000,0.2243
quickRandomSeuil,testset1,5000,0.2277
quickRandomSeuil,testset1,5000,0.2237
quickRandomSeuil,testset1,5000,0.2511
quickRandomSeuil,testset1,5000,0.2895
quickRandomSeuil,testset1,5000,0.2217
quickRandomSeuil,testset1,5000,0.2194
quickRandomSeuil,testset1,5000,0.2252
quickRandomSeuil,testset1,5000,0.2419
quickRandomSeuil,testset1,5000,0.225
quickRandomSeuil,testset1,5000,0.2597
quickRandomSeuil,testset1,5000,0.2643
quickRandomSeuil,testset1,5000,0.2242
quickRandomSeuil,testset1,5000,0.225
quickRandomSeuil,testset1,5000,0.226
quickRandomSeuil,testset1,5000,0.2648
quickRandomSeuil,testset1,5000,0.2204
quickRandomSeuil,testset1,5000,0.2202
quickRandomSeuil,testset1,5000,0.2197
quickRandomSeuil,testset1,5000,0.2206
quickRandomSeuil,testset1,5000,0.2304
quickRandomSeuil,testset1,5000,0.2244
quickRandomSeuil,testset1,50000,2.8277
quickRandomSeuil,testset1,50000,2.6999
quickRandomSeuil,testset1,50000,3.1169
quickRandomSeuil,testset1,50000,3.0198
quickRandomSeuil,testset1,50000,2.8116
quickRandomSeuil,testset1,50000,2.6487
quickRandomSeuil,testset1,50000,2.7651
quickRandomSeuil,testset1,50000,2.6625
quickRandomSeuil,testset1,50000,3.5864
quickRandomSeuil,testset1,50000,2.8716
quickRandomSeuil,testset1,50000,2.7998
quickRandomSeuil,testset1,50000,2.6543
quickRandomSeuil,testset1,50000,2.8891
quickRandomSeuil,testset1,50000,2.6219
quickRandomSeuil,testset1,50000,3.1465
quickRandomSeuil,testset1,50000,2.7406
quickRandomSeuil,testset1,50000,2.8101
quickRandomSeuil,testset1,50000,3.127
quickRandomSeuil,testset1,50000,2.8435
quickRandomSeuil,testset1,50000,3.2624
quickRandomSeuil,testset1,50000,2.7293
quickRandomSeuil,testset1,50000,2.6815
quickRandomSeuil,testset1,50000,2.9943
quickRandomSeuil,testset1,50000,2.5593
quickRandomSeuil,testset1,50000,2.6421
quickRandomSeuil,testset1,50000,2.7753
quickRandomSeuil,testset1,50000,2.6255
quickRandomSeuil,testset1,50000,2.7295
quickRandomSeuil,testset1,50000,2.6688
quickRandomSeuil,testset1,50000,2.6523
quickRandomSeuil,testset1,50000,2.5718
quickRandomSeuil,testset1,50000,2.82
quickRandomSeuil,testset1,50000,2.6009
quickRandomSeuil,testset1,50000,2.7533
quickRandomSeuil,testset1,50000,2.6839
quickRandomSeuil,testset1,50000,2.7587
quickRandomSeuil,testset1,50000,2.6742
quickRandomSeuil,testset1,50000,3.138
quickRandomSeuil,testset1,50000,2.8041
quickRandomSeuil,testset1,50000,2.6543
quickRandomSeuil,testset1,50000,2.6376
quickRandomSeuil,testset1,50000,2.64
quickRandomSeuil,testset1,50000,2.6827
quickRandomSeuil,testset1,50000,2.5933
quickRandomSeuil,testset1,50000,2.7582
quickRandomSeuil,testset1,50000,2.614
quickRandomSeuil,testset1,50000,2.6019
quickRandomSeuil,testset1,50000,2.7208
quickRandomSeuil,testset1,50000,2.9322
quickRandomSeuil,testset1,50000,2.7652
quickRandomSeuil,testset1,50000,2.6682
quickRandomSeuil,testset1,50000,2.8981
quickRandomSeuil,testset1,50000,2.6608
quickRandomSeuil,testset1,50000,2.6132
quickRandomSeuil,testset1,50000,2.6387
quickRandomSeuil,testset1,50000,2.69
quickRandomSeuil,testset1,50000,2.654
quickRandomSeuil,testset1,50000,2.7031
quickRandomSeuil,testset1,50000,2.7124
quickRandomSeuil,testset1,50000,2.6166
quickRandomSeuil,testset1,50000,2.7304
quickRandomSeuil,testset1,50000,2.8636
quickRandomSeuil,testset1,50000,2.6565
quickRandomSeuil,testset1,50000,2.6096
quickRandomSeuil,testset1,50000,2.6333
quickRandomSeuil,testset1,50000,2.6861
quickRandomSeuil,testset1,50000,2.6297
quickRandomSeuil,testset1,50000,2.7091
quickRandomSeuil,testset1,50000,2.7094
quickRandomSeuil,testset1,50000,3.7291
quickRandomSeuil,testset1,50000,2.6552
quickRandomSeuil,testset1,50000,2.7078
quickRandomSeuil,testset1,50000,3.0605
quickRandomSeuil,testset1,50000,2.7019
quickRandomSeuil,testset1,50000,2.8503
quickRandomSeuil,testset1,50000,2.6382
quickRandomSeuil,testset1,50000,2.6642
quickRandomSeuil,testset1,50000,2.6542
quickRandomSeuil,testset1,50000,2.7654
quickRandomSeuil,testset1,50000,2.6405
quickRandomSeuil,testset1,50000,2.7452
quickRandomSeuil,testset1,50000,2.7494
quickRandomSeuil,testset1,50000,2.5727
quickRandomSeuil,testset1,50000,2.7488
quickRandomSeuil,testset1,50000,2.6834
quickRandomSeuil,testset1,50000,2.7122
quickRandomSeuil,testset1,50000,2.727
quickRandomSeuil,testset1,50000,2.7004
quickRandomSeuil,testset1,50000,2.8051
quickRandomSeuil,testset1,50000,3.0199
quickRandomSeuil,testset1,50000,2.6633
quickRandomSeuil,testset1,50000,2.6265
quickRandomSeuil,testset1,50000,2.9998
quickRandomSeuil,testset1,50000,2.7022
quickRandomSeuil,testset1,50000,3.3395
quickRandomSeuil,testset1,50000,3.0839
quickRandomSeuil,testset1,50000,2.6909
quickRandomSeuil,testset1,50000,2.6989
quickRandomSeuil,testset1,50000,2.8436
quickRandomSeuil,testset1,50000,2.7693
quickRandomSeuil,testset1,500000,31.3068
quickRandomSeuil,testset1,500000,31.3979
quickRandomSeuil,testset1,500000,32.016
quickRandomSeuil,testset1,500000,31.61
quickRandomSeuil,testset1,500000,33.2362
quickRandomSeuil,testset1,500000,31.3958
quickRandomSeuil,testset1,500000,32.2809
quickRandomSeuil,testset1,500000,31.3192
quickRandomSeuil,testset1,500000,31.5587
quickRandomSeuil,testset1,500000,31.9426
quickRandomSeuil,testset1,500000,31.2378
quickRandomSeuil,testset1,500000,31.2773
quickRandomSeuil,testset1,500000,31.6345
quickRandomSeuil,testset1,500000,30.9297
quickRandomSeuil,testset1,500000,31.3289
quickRandomSeuil,testset1,500000,31.8003
quickRandomSeuil,testset1,500000,33.0705
quickRandomSeuil,testset1,500000,32.3934
quickRandomSeuil,testset1,500000,31.3909
quickRandomSeuil,testset1,500000,31.868
quickRandomSeuil,testset1,500000,30.9583
quickRandomSeuil,testset1,500000,31.6479
quickRandomSeuil,testset1,500000,31.3501
quickRandomSeuil,testset1,500000,32.5412
quickRandomSeuil,testset1,500000,31.1959
quickRandomSeuil,testset1,500000,32.1594
quickRandomSeuil,testset1,500000,31.1777
quickRandomSeuil,testset1,500000,31.2757
quickRandomSeuil,testset1,500000,32.1752
quickRandomSeuil,testset1,500000,33.3461
quickRandomSeuil,testset1,500000,38.4876
quickRandomSeuil,testset1,500000,32.5507
quickRandomSeuil,testset1,500000,30.7461
quickRandomSeuil,testset1,500000,43.3131
quickRandomSeuil,testset1,500000,33.1868
quickRandomSeuil,testset1,500000,31.4933
quickRandomSeuil,testset1,500000,33.0538
quickRandomSeuil,testset1,500000,33.7073
quickRandomSeuil,testset1,500000,31.7699
quickRandomSeuil,testset1,500000,32.2433
quickRandomSeuil,testset1,500000,32.2592
quickRandomSeuil,testset1,500000,31.9183
quickRandomSeuil,testset1,500000,32.2501
quickRandomSeuil,testset1,500000,34.3272
quickRandomSeuil,testset1,500000,31.6022
quickRandomSeuil,testset1,500000,33.0454
quickRandomSeuil,testset1,500000,31.8182
quickRandomSeuil,testset1,500000,31.6345
quickRandomSeuil,testset1,500000,32.0508
quickRandomSeuil,testset1,500000,32.4237
quickRandomSeuil,testset1,500000,32.4328
quickRandomSeuil,testset1,500000,32.0569
quickRandomSeuil,testset1,500000,32.4884
quickRandomSeuil,testset1,500000,31.856
quickRandomSeuil,testset1,500000,32.2456
quickRandomSeuil,testset1,500000,31.8609
quickRandomSeuil,testset1,500000,31.7672
quickRandomSeuil,testset1,500000,31.8894
quickRandomSeuil,testset1,500000,33.2025
quickRandomSeuil,testset1,500000,31.7807
quickRandomSeuil,testset1,500000,31.7831
quickRandomSeuil,testset1,500000,31.6553
quickRandomSeuil,testset1,500000,32.1311
quickRandomSeuil,testset1,500000,31.2895
quickRandomSeuil,testset1,500000,32.3942
quickRandomSeuil,testset1,500000,31.7937
quickRandomSeuil,testset1,500000,32.2428
quickRandomSeuil,testset1,500000,33.0217
quickRandomSeuil,testset1,500000,32.2952
quickRandomSeuil,testset1,500000,32.591
quickRandomSeuil,testset1,500000,31.6458
quickRandomSeuil,testset1,500000,31.9468
quickRandomSeuil,testset1,500000,31.3226
quickRandomSeuil,testset1,500000,32.8029
quickRandomSeuil,testset1,500000,32.6514
quickRandomSeuil,testset1,500000,32.3699
quickRandomSeuil,testset1,500000,32.3238
quickRandomSeuil,testset1,500000,31.2354
quickRandomSeuil,testset1,500000,31.5126
quickRandomSeuil,testset1,500000,31.4817
quickRandomSeuil,testset1,500000,32.0829
quickRandomSeuil,testset1,500000,31.4419
quickRandomSeuil,testset1,500000,31.4426
quickRandomSeuil,testset1,500000,31.5493
quickRandomSeuil,testset1,500000,31.3527
quickRandomSeuil,testset1,500000,35.3661
quickRandomSeuil,testset1,500000,34.0855
quickRandomSeuil,testset1,500000,35.1123
quickRandomSeuil,testset1,500000,32.0079
quickRandomSeuil,testset1,500000,31.4351
quickRandomSeuil,testset1,500000,31.121
quickRandomSeuil,testset1,500000,34.486
quickRandomSeuil,testset1,500000,33.6192
quickRandomSeuil,testset1,500000,32.0569
quickRandomSeuil,testset1,500000,35.9282
quickRandomSeuil,testset1,500000,31.5762
quickRandomSeuil,testset1,500000,31.277
quickRandomSeuil,testset1,500000,31.7707
quickRandomSeuil,testset1,500000,33.5219
quickRandomSeuil,testset1,500000,33.0388
quickRandomSeuil,testset2,1000,0.0802
quickRandomSeuil,testset2,1000,0.052
quickRandomSeuil,testset2,1000,0.041
quickRandomSeuil,testset2,1000,0.0414
quickRandomSeuil,testset2,1000,0.041
quickRandomSeuil,testset2,1000,0.0409
quickRandomSeuil,testset2,1000,0.0406
quickRandomSeuil,testset2,1000,0.0405
quickRandomSeuil,testset2,1000,0.0405
quickRandomSeuil,testset2,1000,0.0436
quickRandomSeuil,testset2,1000,0.0425
quickRandomSeuil,testset2,1000,0.0415
quickRandomSeuil,testset2,1000,0.042
quickRandomSeuil,testset2,1000,0.0432
quickRandomSeuil,testset2,1000,0.0658
quickRandomSeuil,testset2,1000,0.0444
quickRandomSeuil,testset2,1000,0.0439
quickRandomSeuil,testset2,1000,0.0425
quickRandomSeuil,testset2,1000,0.054
quickRandomSeuil,testset2,1000,0.0422
quickRandomSeuil,testset2,1000,0.0423
quickRandomSeuil,testset2,1000,0.0416
quickRandomSeuil,testset2,1000,0.0413
quickRandomSeuil,testset2,1000,0.0423
quickRandomSeuil,testset2,1000,0.0921
quickRandomSeuil,testset2,1000,0.0418
quickRandomSeuil,testset2,1000,0.0713
quickRandomSeuil,testset2,1000,0.0527
quickRandomSeuil,testset2,1000,0.0506
quickRandomSeuil,testset2,1000,0.0758
quickRandomSeuil,testset2,1000,0.0422
quickRandomSeuil,testset2,1000,0.0414
quickRandomSeuil,testset2,1000,0.0415
quickRandomSeuil,testset2,1000,0.0634
quickRandomSeuil,testset2,1000,0.0422
quickRandomSeuil,testset2,1000,0.042
quickRandomSeuil,testset2,1000,0.0421
quickRandomSeuil,testset2,1000,0.0519
quickRandomSeuil,testset2,1000,0.0427
quickRandomSeuil,testset2,1000,0.0444
quickRandomSeuil,testset2,1000,0.0429
quickRandomSeuil,testset2,1000,0.0421
quickRandomSeuil,testset2,1000,0.0437
quickRandomSeuil,testset2,1000,0.0454
quickRandomSeuil,testset2,1000,0.0439
quickRandomSeuil,testset2,1000,0.1289
quickRandomSeuil,testset2,1000,0.0431
quickRandomSeuil,testset2,1000,0.0435
quickRandomSeuil,testset2,1000,0.0513
quickRandomSeuil,testset2,1000,0.0414
quickRandomSeuil,testset2,1000,0.0522
quickRandomSeuil,testset2,1000,0.0411
quickRandomSeuil,testset2,1000,0.0409
quickRandomSeuil,testset2,1000,0.0416
quickRandomSeuil,testset2,1000,0.0407
quickRandomSeuil,testset2,1000,0.0409
quickRandomSeuil,testset2,1000,0.0414
quickRandomSeuil,testset2,1000,0.0411
quickRandomSeuil,testset2,1000,0.041
quickRandomSeuil,testset2,1000,0.0412
quickRandomSeuil,testset2,1000,0.041
quickRandomSeuil,testset2,1000,0.0418
quickRandomSeuil,testset2,1000,0.0409
quickRandomSeuil,testset2,1000,0.0415
quickRandomSeuil,testset2,1000,0.0406
quickRandomSeuil,testset2,1000,0.0415
quickRandomSeuil,testset2,1000,0.0417
quickRandomSeuil,testset2,1000,0.0426
quickRandomSeuil,testset2,1000,0.0426
quickRandomSeuil,testset2,1000,0.0571
quickRandomSeuil,testset2,1000,0.0435
quickRandomSeuil,testset2,1000,0.0412
quickRandomSeuil,testset2,1000,0.0422
quickRandomSeuil,testset2,1000,0.0433
quickRandomSeuil,testset2,1000,0.0615
quickRandomSeuil,testset2,1000,0.0594
quickRandomSeuil,testset2,1000,0.0413
quickRandomSeuil,testset2,1000,0.0424
quickRandomSeuil,testset2,1000,0.0423
quickRandomSeuil,testset2,1000,0.0427
quickRandomSeuil,testset2,1000,0.0423
quickRandomSeuil,testset2,1000,0.0433
quickRandomSeuil,testset2,1000,0.0417
quickRandomSeuil,testset2,1000,0.0534
quickRandomSeuil,testset2,1000,0.0423
quickRandomSeuil,testset2,1000,0.0426
quickRandomSeuil,testset2,1000,0.0418
quickRandomSeuil,testset2,1000,0.0411
quickRandomSeuil,testset2,1000,0.0415
quickRandomSeuil,testset2,1000,0.0428
quickRandomSeuil,testset2,1000,0.0759
quickRandomSeuil,testset2,1000,0.0424
quickRandomSeuil,testset2,1000,0.0424
quickRandomSeuil,testset2,1000,0.0425
quickRandomSeuil,testset2,1000,0.0718
quickRandomSeuil,testset2,1000,0.0707
quickRandomSeuil,testset2,1000,0.0439
quickRandomSeuil,testset2,1000,0.0434
quickRandomSeuil,testset2,1000,0.042
quickRandomSeuil,testset2,1000,0.0412
quickRandomSeuil,testset2,10000,0.4603
quickRandomSeuil,testset2,10000,0.4743
quickRandomSeuil,testset2,10000,0.4853
quickRandomSeuil,testset2,10000,0.4695
quickRandomSeuil,testset2,10000,0.4817
quickRandomSeuil,testset2,10000,0.4684
quickRandomSeuil,testset2,10000,0.5032
quickRandomSeuil,testset2,10000,0.5014
quickRandomSeuil,testset2,10000,0.5244
quickRandomSeuil,testset2,10000,0.4902
quickRandomSeuil,testset2,10000,0.4598
quickRandomSeuil,testset2,10000,0.5434
quickRandomSeuil,testset2,10000,0.468
quickRandomSeuil,testset2,10000,0.4584
quickRandomSeuil,testset2,10000,0.4831
quickRandomSeuil,testset2,10000,0.4809
quickRandomSeuil,testset2,10000,0.4966
quickRandomSeuil,testset2,10000,0.5369
quickRandomSeuil,testset2,10000,0.4645
quickRandomSeuil,testset2,10000,0.4728
quickRandomSeuil,testset2,10000,0.4637
quickRandomSeuil,testset2,10000,0.4984
quickRandomSeuil,testset2,10000,0.4671
quickRandomSeuil,testset2,10000,0.4693
quickRandomSeuil,testset2,10000,0.4996
quickRandomSeuil,testset2,10000,0.4594
quickRandomSeuil,testset2,10000,0.5072
quickRandomSeuil,testset2,10000,0.4552
quickRandomSeuil,testset2,10000,0.6095
quickRandomSeuil,testset2,10000,0.4535
quickRandomSeuil,testset2,10000,0.4621
quickRandomSeuil,testset2,10000,0.7948
quickRandomSeuil,testset2,10000,0.4732
quickRandomSeuil,testset2,10000,0.4609
quickRandomSeuil,testset2,10000,0.4817
quickRandomSeuil,testset2,10000,0.5119
quickRandomSeuil,testset2,10000,0.4603
quickRandomSeuil,testset2,10000,0.4716
quickRandomSeuil,testset2,10000,0.4672
quickRandomSeuil,testset2,10000,0.5038
quickRandomSeuil,testset2,10000,0.5266
quickRandomSeuil,testset2,10000,0.4742
quickRandomSeuil,testset2,10000,0.4565
quickRandomSeuil,testset2,10000,0.4561
quickRandomSeuil,testset2,10000,0.4769
quickRandomSeuil,testset2,10000,0.4602
quickRandomSeuil,testset2,10000,0.4589
quickRandomSeuil,testset2,10000,0.4572
quickRandomSeuil,testset2,10000,0.4761
quickRandomSeuil,testset2,10000,0.4956
quickRandomSeuil,testset2,10000,0.5026
quickRandomSeuil,testset2,10000,0.4768
quickRandomSeuil,testset2,10000,0.5738
quickRandomSeuil,testset2,10000,0.5285
quickRandomSeuil,testset2,10000,0.8629
quickRandomSeuil,testset2,10000,0.4835
quickRandomSeuil,testset2,10000,0.5666
quickRandomSeuil,testset2,10000,0.4675
quickRandomSeuil,testset2,10000,0.5007
quickRandomSeuil,testset2,10000,0.4574
quickRandomSeuil,testset2,10000,0.5003
quickRandomSeuil,testset2,10000,0.488
quickRandomSeuil,testset2,10000,0.4938
quickRandomSeuil,testset2,10000,0.5181
quickRandomSeuil,testset2,10000,0.4908
quickRandomSeuil,testset2,10000,0.5012
quickRandomSeuil,testset2,10000,0.4837
quickRandomSeuil,testset2,10000,0.4892
quickRandomSeuil,testset2,10000,0.4884
quickRandomSeuil,testset2,10000,0.492
quickRandomSeuil,testset2,10000,0.509
quickRandomSeuil,testset2,10000,0.5078
quickRandomSeuil,testset2,10000,0.584
quickRandomSeuil,testset2,10000,0.458
quickRandomSeuil,testset2,10000,0.4645
quickRandomSeuil,testset2,10000,0.4563
quickRandomSeuil,testset2,10000,0.5169
quickRandomSeuil,testset2,10000,0.4549
quickRandomSeuil,testset2,10000,0.4576
quickRandomSeuil,testset2,10000,0.5071
quickRandomSeuil,testset2,10000,0.4954
quickRandomSeuil,testset2,10000,0.4584
quickRandomSeuil,testset2,10000,0.4688
quickRandomSeuil,testset2,10000,0.4785
quickRandomSeuil,testset2,10000,0.5016
quickRandomSeuil,testset2,10000,0.4624
quickRandomSeuil,testset2,10000,0.4814
quickRandomSeuil,testset2,10000,0.4575
quickRandomSeuil,testset2,10000,0.4599
quickRandomSeuil,testset2,10000,0.4737
quickRandomSeuil,testset2,10000,0.4596
quickRandomSeuil,testset2,10000,0.4593
quickRandomSeuil,testset2,10000,0.4586
quickRandomSeuil,testset2,10000,0.5648
quickRandomSeuil,testset2,10000,0.5048
quickRandomSeuil,testset2,10000,0.467
quickRandomSeuil,testset2,10000,0.4717
quickRandomSeuil,testset2,10000,0.4696
quickRandomSeuil,testset2,10000,0.5037
quickRandomSeuil,testset2,10000,0.5724
quickRandomSeuil,testset2,100000,5.7361
quickRandomSeuil,testset2,100000,5.6693
quickRandomSeuil,testset2,100000,5.6434
quickRandomSeuil,testset2,100000,5.7227
quickRandomSeuil,testset2,100000,6.0123
quickRandomSeuil,testset2,100000,6.0749
quickRandomSeuil,testset2,100000,6.0181
quickRandomSeuil,testset2,100000,5.6247
quickRandomSeuil,testset2,100000,5.5332
quickRandomSeuil,testset2,100000,5.7657
quickRandomSeuil,testset2,100000,6.378
quickRandomSeuil,testset2,100000,5.6333
quickRandomSeuil,testset2,100000,5.6497
quickRandomSeuil,testset2,100000,5.5841
quickRandomSeuil,testset2,100000,5.9714
quickRandomSeuil,testset2,100000,5.6919
quickRandomSeuil,testset2,100000,6.0744
quickRandomSeuil,testset2,100000,5.6595
quickRandomSeuil,testset2,100000,5.9052
quickRandomSeuil,testset2,100000,6.0697
quickRandomSeuil,testset2,100000,5.7216
quickRandomSeuil,testset2,100000,5.9655
quickRandomSeuil,testset2,100000,6.0273
quickRandomSeuil,testset2,100000,5.6183
quickRandomSeuil,testset2,100000,5.6501
quickRandomSeuil,testset2,100000,5.5652
quickRandomSeuil,testset2,100000,5.5776
quickRandomSeuil,testset2,100000,5.7912
quickRandomSeuil,testset2,100000,5.5544
quickRandomSeuil,testset2,100000,5.398
quickRandomSeuil,testset2,100000,6.6885
quickRandomSeuil,testset2,100000,6.0865
quickRandomSeuil,testset2,100000,5.6545
quickRandomSeuil,testset2,100000,5.9224
quickRandomSeuil,testset2,100000,5.5412
quickRandomSeuil,testset2,100000,5.4512
quickRandomSeuil,testset2,100000,5.9235
quickRandomSeuil,testset2,100000,5.8663
quickRandomSeuil,testset2,100000,5.5223
quickRandomSeuil,testset2,100000,5.919
quickRandomSeuil,testset2,100000,5.6326
quickRandomSeuil,testset2,100000,5.6096
quickRandomSeuil,testset2,100000,5.574
quickRandomSeuil,testset2,100000,6.2405
quickRandomSeuil,testset2,100000,5.8793
quickRandomSeuil,testset2,100000,5.5368
quickRandomSeuil,testset2,100000,5.6157
quickRandomSeuil,testset2,100000,5.5454
quickRandomSeuil,testset2,100000,5.93
quickRandomSeuil,testset2,100000,5.7484
quickRandomSeuil,testset2,100000,5.8833
quickRandomSeuil,testset2,100000,5.8178
quickRandomSeuil,testset2,100000,5.9156
quickRandomSeuil,testset2,100000,5.9272
quickRandomSeuil,testset2,100000,5.9031
quickRandomSeuil,testset2,100000,5.7535
quickRandomSeuil,testset2,100000,5.6404
quickRandomSeuil,testset2,100000,5.5108
quickRandomSeuil,testset2,100000,6.1241
quickRandomSeuil,testset2,100000,5.4769
quickRandomSeuil,testset2,100000,5.692
quickRandomSeuil,testset2,100000,5.6695
quickRandomSeuil,testset2,100000,5.851
quickRandomSeuil,testset2,100000,5.6026
quickRandomSeuil,testset2,100000,5.3736
quickRandomSeuil,testset2,100000,5.8651
quickRandomSeuil,testset2,100000,6.0764
quickRandomSeuil,testset2,100000,5.5991
quickRandomSeuil,testset2,100000,5.8124
quickRandomSeuil,testset2,100000,5.578
quickRandomSeuil,testset2,100000,5.6006
quickRandomSeuil,testset2,100000,5.6049
quickRandomSeuil,testset2,100000,5.6138
quickRandomSeuil,testset2,100000,5.592
quickRandomSeuil,testset2,100000,5.5504
quickRandomSeuil,testset2,100000,5.5343
quickRandomSeuil,testset2,100000,5.6025
quickRandomSeuil,testset2,100000,5.6797
quickRandomSeuil,testset2,100000,5.7383
quickRandomSeuil,testset2,100000,5.5399
quickRandomSeuil,testset2,100000,6.0724
quickRandomSeuil,testset2,100000,5.8778
quickRandomSeuil,testset2,100000,5.8295
quickRandomSeuil,testset2,100000,5.581
quickRandomSeuil,testset2,100000,6.8264
quickRandomSeuil,testset2,100000,5.597
quickRandomSeuil,testset2,100000,5.6082
quickRandomSeuil,testset2,100000,5.9701
quickRandomSeuil,testset2,100000,5.5693
quickRandomSeuil,testset2,100000,5.5217
quickRandomSeuil,testset2,100000,5.7136
quickRandomSeuil,testset2,100000,5.8228
quickRandomSeuil,testset2,100000,5.7995
quickRandomSeuil,testset2,100000,6.4805
quickRandomSeuil,testset2,100000,5.7126
quickRandomSeuil,testset2,100000,5.7341
quickRandomSeuil,testset2,100000,5.8957
quickRandomSeuil,testset2,100000,5.9636
quickRandomSeuil,testset2,100000,5.576
quickRandomSeuil,testset2,100000,5.5251
quickRandomSeuil,testset2,5000,0.2204
quickRandomSeuil,testset2,5000,0.2816
quickRandomSeuil,testset2,5000,0.2553
quickRandomSeuil,testset2,5000,0.212
quickRandomSeuil,testset2,5000,0.2782
quickRandomSeuil,testset2,5000,0.2262
quickRandomSeuil,testset2,5000,0.2122
quickRandomSeuil,testset2,5000,0.2173
quickRandomSeuil,testset2,5000,0.2126
quickRandomSeuil,testset2,5000,0.2239
quickRandomSeuil,testset2,5000,0.2443
quickRandomSeuil,testset2,5000,0.2446
quickRandomSeuil,testset2,5000,0.2241
quickRandomSeuil,testset2,5000,0.2259
quickRandomSeuil,testset2,5000,0.2257
quickRandomSeuil,testset2,5000,0.2254
quickRandomSeuil,testset2,5000,0.2486
quickRandomSeuil,testset2,5000,0.2171
quickRandomSeuil,testset2,5000,0.2529
quickRandomSeuil,testset2,5000,0.2183
quickRandomSeuil,testset2,5000,0.2261
quickRandomSeuil,testset2,5000,0.2319
quickRandomSeuil,testset2,5000,0.2273
quickRandomSeuil,testset2,5000,0.243
quickRandomSeuil,testset2,5000,0.2968
quickRandomSeuil,testset2,5000,0.2332
quickRandomSeuil,testset2,5000,0.2249
quickRandomSeuil,testset2,5000,0.2381
quickRandomSeuil,testset2,5000,0.2191
quickRandomSeuil,testset2,5000,0.2188
quickRandomSeuil,testset2,5000,0.2229
quickRandomSeuil,testset2,5000,0.2217
quickRandomSeuil,testset2,5000,0.2364
quickRandomSeuil,testset2,5000,0.217
quickRandomSeuil,testset2,5000,0.2167
quickRandomSeuil,testset2,5000,0.2277
quickRandomSeuil,testset2,5000,0.299
quickRandomSeuil,testset2,5000,0.223
quickRandomSeuil,testset2,5000,0.2177
quickRandomSeuil,testset2,5000,0.2205
quickRandomSeuil,testset2,5000,0.3111
quickRandomSeuil,testset2,5000,0.2196
quickRandomSeuil,testset2,5000,0.2651
quickRandomSeuil,testset2,5000,0.2239
quickRandomSeuil,testset2,5000,0.2195
quickRandomSeuil,testset2,5000,0.2196
quickRandomSeuil,testset2,5000,0.2198
quickRandomSeuil,testset2,5000,0.2996
quickRandomSeuil,testset2,5000,0.2399
quickRandomSeuil,testset2,5000,0.2695
quickRandomSeuil,testset2,5000,0.2194
quickRandomSeuil,testset2,5000,0.2194
quickRandomSeuil,testset2,5000,0.2971
quickRandomSeuil,testset2,5000,0.2428
quickRandomSeuil,testset2,5000,0.2201
quickRandomSeuil,testset2,5000,0.2201
quickRandomSeuil,testset2,5000,0.2547
quickRandomSeuil,testset2,5000,0.4384
quickRandomSeuil,testset2,5000,0.2246
quickRandomSeuil,testset2,5000,0.2211
quickRandomSeuil,testset2,5000,0.2241
quickRandomSeuil,testset2,5000,0.2187
quickRandomSeuil,testset2,5000,0.2436
quickRandomSeuil,testset2,5000,0.2187
quickRandomSeuil,testset2,5000,0.2192
quickRandomSeuil,testset2,5000,0.3347
quickRandomSeuil,testset2,5000,0.2565
quickRandomSeuil,testset2,5000,0.2204
quickRandomSeuil,testset2,5000,0.2188
quickRandomSeuil,testset2,5000,0.2229
quickRandomSeuil,testset2,5000,0.3344
quickRandomSeuil,testset2,5000,0.2281
quickRandomSeuil,testset2,5000,0.2391
quickRandomSeuil,testset2,5000,0.2206
quickRandomSeuil,testset2,5000,0.2183
quickRandomSeuil,testset2,5000,0.2599
quickRandomSeuil,testset2,5000,0.2519
quickRandomSeuil,testset2,5000,0.3289
quickRandomSeuil,testset2,5000,0.2224
quickRandomSeuil,testset2,5000,0.2171
quickRandomSeuil,testset2,5000,0.2221
quickRandomSeuil,testset2,5000,0.3111
quickRandomSeuil,testset2,5000,0.2255
quickRandomSeuil,testset2,5000,0.2306
quickRandomSeuil,testset2,5000,0.2272
quickRandomSeuil,testset2,5000,0.2499
quickRandomSeuil,testset2,5000,0.2261
quickRandomSeuil,testset2,5000,0.2207
quickRandomSeuil,testset2,5000,0.2215
quickRandomSeuil,testset2,5000,0.2198
quickRandomSeuil,testset2,5000,0.2233
quickRandomSeuil,testset2,5000,0.2232
quickRandomSeuil,testset2,5000,0.2421
quickRandomSeuil,testset2,5000,0.2241
quickRandomSeuil,testset2,5000,0.223
quickRandomSeuil,testset2,5000,0.2277
quickRandomSeuil,testset2,5000,0.2236
quickRandomSeuil,testset2,5000,0.279
quickRandomSeuil,testset2,5000,0.2398
quickRandomSeuil,testset2,5000,0.225
quickRandomSeuil,testset2,50000,3.0842
quickRandomSeuil,testset2,50000,2.6624
quickRandomSeuil,testset2,50000,2.8594
quickRandomSeuil,testset2,50000,2.5879
quickRandomSeuil,testset2,50000,2.6915
quickRandomSeuil,testset2,50000,2.941
quickRandomSeuil,testset2,50000,2.9075
quickRandomSeuil,testset2,50000,2.7396
quickRandomSeuil,testset2,50000,2.6823
quickRandomSeuil,testset2,50000,2.6239
quickRandomSeuil,testset2,50000,2.694
quickRandomSeuil,testset2,50000,3.0692
quickRandomSeuil,testset2,50000,2.8202
quickRandomSeuil,testset2,50000,2.7695
quickRandomSeuil,testset2,50000,2.6841
quickRandomSeuil,testset2,50000,2.651
quickRandomSeuil,testset2,50000,2.948
quickRandomSeuil,testset2,50000,2.7322
quickRandomSeuil,testset2,50000,2.6424
quickRandomSeuil,testset2,50000,2.6678
quickRandomSeuil,testset2,50000,2.9306
quickRandomSeuil,testset2,50000,2.6668
quickRandomSeuil,testset2,50000,2.6644
quickRandomSeuil,testset2,50000,2.6378
quickRandomSeuil,testset2,50000,2.7358
quickRandomSeuil,testset2,50000,2.7068
quickRandomSeuil,testset2,50000,2.7369
quickRandomSeuil,testset2,50000,2.6801
quickRandomSeuil,testset2,50000,2.9301
quickRandomSeuil,testset2,50000,2.6508
quickRandomSeuil,testset2,50000,2.6377
quickRandomSeuil,testset2,50000,2.7764
quickRandomSeuil,testset2,50000,2.7323
quickRandomSeuil,testset2,50000,2.6606
quickRandomSeuil,testset2,50000,2.617
quickRandomSeuil,testset2,50000,2.6664
quickRandomSeuil,testset2,50000,2.7989
quickRandomSeuil,testset2,50000,2.7414
quickRandomSeuil,testset2,50000,2.6859
quickRandomSeuil,testset2,50000,2.7289
quickRandomSeuil,testset2,50000,2.691
quickRandomSeuil,testset2,50000,2.6188
quickRandomSeuil,testset2,50000,2.632
quickRandomSeuil,testset2,50000,2.8535
quickRandomSeuil,testset2,50000,3.0022
quickRandomSeuil,testset2,50000,2.9226
quickRandomSeuil,testset2,50000,2.6206
quickRandomSeuil,testset2,50000,2.8452
quickRandomSeuil,testset2,50000,2.7324
quickRandomSeuil,testset2,50000,2.9505
quickRandomSeuil,testset2,50000,2.7464
quickRandomSeuil,testset2,50000,2.8137
quickRandomSeuil,testset2,50000,2.7844
quickRandomSeuil,testset2,50000,2.7269
quickRandomSeuil,testset2,50000,3.0123
quickRandomSeuil,testset2,50000,2.9238
quickRandomSeuil,testset2,50000,2.6614
quickRandomSeuil,testset2,50000,2.9164
quickRandomSeuil,testset2,50000,2.6726
quickRandomSeuil,testset2,50000,2.6501
quickRandomSeuil,testset2,50000,3.1863
quickRandomSeuil,testset2,50000,2.634
quickRandomSeuil,testset2,50000,2.6615
quickRandomSeuil,testset2,50000,2.6907
quickRandomSeuil,testset2,50000,2.8051
quickRandomSeuil,testset2,50000,3.0005
quickRandomSeuil,testset2,50000,2.6834
quickRandomSeuil,testset2,50000,2.8566
quickRandomSeuil,testset2,50000,2.7577
quickRandomSeuil,testset2,50000,2.6687
quickRandomSeuil,testset2,50000,2.6804
quickRandomSeuil,testset2,50000,2.7211
quickRandomSeuil,testset2,50000,2.7726
quickRandomSeuil,testset2,50000,2.6294
quickRandomSeuil,testset2,50000,2.7194
quickRandomSeuil,testset2,50000,2.7434
quickRandomSeuil,testset2,50000,2.5555
quickRandomSeuil,testset2,50000,2.6201
quickRandomSeuil,testset2,50000,2.5994
quickRandomSeuil,testset2,50000,2.7493
quickRandomSeuil,testset2,50000,2.7313
quickRandomSeuil,testset2,50000,2.6367
quickRandomSeuil,testset2,50000,2.6474
quickRandomSeuil,testset2,50000,2.9382
quickRandomSeuil,testset2,50000,2.7454
quickRandomSeuil,testset2,50000,2.6128
quickRandomSeuil,testset2,50000,2.8256
quickRandomSeuil,testset2,50000,2.6457
quickRandomSeuil,testset2,50000,2.7624
quickRandomSeuil,testset2,50000,2.6441
quickRandomSeuil,testset2,50000,3.2396
quickRandomSeuil,testset2,50000,3.0747
quickRandomSeuil,testset2,50000,2.776
quickRandomSeuil,testset2,50000,2.6604
quickRandomSeuil,testset2,50000,2.6566
quickRandomSeuil,testset2,50000,2.6735
quickRandomSeuil,testset2,50000,2.6682
quickRandomSeuil,testset2,50000,2.6454
quickRandomSeuil,testset2,50000,2.6173
quickRandomSeuil,testset2,50000,2.656
quickRandomSeuil,testset2,500000,31.5598
quickRandomSeuil,testset2,500000,31.4933
quickRandomSeuil,testset2,500000,31.6031
quickRandomSeuil,testset2,500000,30.7522
quickRandomSeuil,testset2,500000,31.7776
quickRandomSeuil,testset2,500000,31.4079
quickRandomSeuil,testset2,500000,32.0151
quickRandomSeuil,testset2,500000,31.2155
quickRandomSeuil,testset2,500000,31.8962
quickRandomSeuil,testset2,500000,31.9072
quickRandomSeuil,testset2,500000,32.0107
quickRandomSeuil,testset2,500000,31.5661
quickRandomSeuil,testset2,500000,32.2982
quickRandomSeuil,testset2,500000,31.4809
quickRandomSeuil,testset2,500000,34.2793
quickRandomSeuil,testset2,500000,31.8185
quickRandomSeuil,testset2,500000,31.2978
quickRandomSeuil,testset2,500000,31.1626
quickRandomSeuil,testset2,500000,32.7512
quickRandomSeuil,testset2,500000,31.6806
quickRandomSeuil,testset2,500000,32.3674
quickRandomSeuil,testset2,500000,31.9129
quickRandomSeuil,testset2,500000,33.7614
quickRandomSeuil,testset2,500000,31.1993
quickRandomSeuil,testset2,500000,31.6261
quickRandomSeuil,testset2,500000,31.5385
quickRandomSeuil,testset2,500000,31.8801
quickRandomSeuil,testset2,500000,31.7969
quickRandomSeuil,testset2,500000,31.7105
quickRandomSeuil,testset2,500000,32.0515
quickRandomSeuil,testset2,500000,32.1523
quickRandomSeuil,testset2,500000,30.875
quickRandomSeuil,testset2,500000,31.1143
quickRandomSeuil,testset2,500000,32.598
quickRandomSeuil,testset2,500000,32.1582
quickRandomSeuil,testset2,500000,32.285
quickRandomSeuil,testset2,500000,31.4322
quickRandomSeuil,testset2,500000,31.3853
quickRandomSeuil,testset2,500000,31.1389
quickRandomSeuil,testset2,500000,30.9766
quickRandomSeuil,testset2,500000,32.9069
quickRandomSeuil,testset2,500000,31.3777
quickRandomSeuil,testset2,500000,30.9454
quickRandomSeuil,testset2,500000,31.5936
quickRandomSeuil,testset2,500000,31.6505
quickRandomSeuil,testset2,500000,33.1418
quickRandomSeuil,testset2,500000,31.3946
quickRandomSeuil,testset2,500000,30.8647
quickRandomSeuil,testset2,500000,31.3564
quickRandomSeuil,testset2,500000,31.5788
quickRandomSeuil,testset2,500000,31.0058
quickRandomSeuil,testset2,500000,32.1124
quickRandomSeuil,testset2,500000,31.8407
quickRandomSeuil,testset2,500000,31.4974
quickRandomSeuil,testset2,500000,32.008
quickRandomSeuil,testset2,500000,31.7816
quickRandomSeuil,testset2,500000,31.2371
quickRandomSeuil,testset2,500000,31.7099
quickRandomSeuil,testset2,500000,31.3023
quickRandomSeuil,testset2,500000,32.1143
quickRandomSeuil,testset2,500000,32.6489
quickRandomSeuil,testset2,500000,31.4457
quickRandomSeuil,testset2,500000,31.2442
quickRandomSeuil,testset2,500000,31.1863
quickRandomSeuil,testset2,500000,31.4883
quickRandomSeuil,testset2,500000,33.074
quickRandomSeuil,testset2,500000,30.6606
quickRandomSeuil,testset2,500000,31.4207
quickRandomSeuil,testset2,500000,31.3605
quickRandomSeuil,testset2,500000,31.8077
quickRandomSeuil,testset2,500000,31.436
quickRandomSeuil,testset2,500000,32.8942
quickRandomSeuil,testset2,500000,32.0996
quickRandomSeuil,testset2,500000,30.998
quickRandomSeuil,testset2,500000,31.7423
quickRandomSeuil,testset2,500000,31.0622
quickRandomSeuil,testset2,500000,32.1115
quickRandomSeuil,testset2,500000,31.8945
quickRandomSeuil,testset2,500000,32.6644
quickRandomSeuil,testset2,500000,32.6719
quickRandomSeuil,testset2,500000,31.0959
quickRandomSeuil,testset2,500000,30.865
quickRandomSeuil,testset2,500000,31.3664
quickRandomSeuil,testset2,500000,31.8673
quickRandomSeuil,testset2,500000,30.8415
quickRandomSeuil,testset2,500000,31.1051
quickRandomSeuil,testset2,500000,32.0925
quickRandomSeuil,testset2,500000,31.8804
quickRandomSeuil,testset2,500000,31.8298
quickRandomSeuil,testset2,500000,31.229
quickRandomSeuil,testset2,500000,31.8261
quickRandomSeuil,testset2,500000,31.4925
quickRandomSeuil,testset2,500000,31.6751
quickRandomSeuil,testset2,500000,32.1685
quickRandomSeuil,testset2,500000,32.4874
quickRandomSeuil,testset2,500000,31.4048
quickRandomSeuil,testset2,500000,31.8683
quickRandomSeuil,testset2,500000,31.54
quickRandomSeuil,testset2,500000,31.853
quickRandomSeuil,testset2,500000,31.9299
quickRandomSeuil,testset3,1000,0.0293
quickRandomSeuil,testset3,1000,0.0284
quickRandomSeuil,testset3,1000,0.0332
quickRandomSeuil,testset3,1000,0.0293
quickRandomSeuil,testset3,1000,0.0291
quickRandomSeuil,testset3,1000,0.0302
quickRandomSeuil,testset3,1000,0.0297
quickRandomSeuil,testset3,1000,0.0291
quickRandomSeuil,testset3,1000,0.0294
quickRandomSeuil,testset3,1000,0.0292
quickRandomSeuil,testset3,1000,0.0369
quickRandomSeuil,testset3,1000,0.028
quickRandomSeuil,testset3,1000,0.0273
quickRandomSeuil,testset3,1000,0.0271
quickRandomSeuil,testset3,1000,0.0278
quickRandomSeuil,testset3,1000,0.0268
quickRandomSeuil,testset3,1000,0.0278
quickRandomSeuil,testset3,1000,0.0276
quickRandomSeuil,testset3,1000,0.0276
quickRandomSeuil,testset3,1000,0.0279
quickRandomSeuil,testset3,1000,0.0283
quickRandomSeuil,testset3,1000,0.0282
quickRandomSeuil,testset3,1000,0.0285
quickRandomSeuil,testset3,1000,0.0283
quickRandomSeuil,testset3,1000,0.0277
quickRandomSeuil,testset3,1000,0.0273
quickRandomSeuil,testset3,1000,0.0294
quickRandomSeuil,testset3,1000,0.0276
quickRandomSeuil,testset3,1000,0.0282
quickRandomSeuil,testset3,1000,0.0293
quickRandomSeuil,testset3,1000,0.0604
quickRandomSeuil,testset3,1000,0.0302
quickRandomSeuil,testset3,1000,0.0289
quickRandomSeuil,testset3,1000,0.0291
quickRandomSeuil,testset3,1000,0.028
quickRandomSeuil,testset3,1000,0.0405
quickRandomSeuil,testset3,1000,0.029
quickRandomSeuil,testset3,1000,0.0291
quickRandomSeuil,testset3,1000,0.0284
quickRandomSeuil,testset3,1000,0.028
quickRandomSeuil,testset3,1000,0.0401
quickRandomSeuil,testset3,1000,0.0283
quickRandomSeuil,testset3,1000,0.0285
quickRandomSeuil,testset3,1000,0.0296
quickRandomSeuil,testset3,1000,0.0287
quickRandomSeuil,testset3,1000,0.0286
quickRandomSeuil,testset3,1000,0.0285
quickRandomSeuil,testset3,1000,0.0291
quickRandomSeuil,testset3,1000,0.0283
quickRandomSeuil,testset3,1000,0.0297
quickRandomSeuil,testset3,1000,0.0284
quickRandomSeuil,testset3,1000,0.0343
quickRandomSeuil,testset3,1000,0.1001
quickRandomSeuil,testset3,1000,0.0278
quickRandomSeuil,testset3,1000,0.0287
quickRandomSeuil,testset3,1000,0.0281
quickRandomSeuil,testset3,1000,0.0273
quickRandomSeuil,testset3,1000,0.0274
quickRandomSeuil,testset3,1000,0.0274
quickRandomSeuil,testset3,1000,0.0275
quickRandomSeuil,testset3,1000,0.0271
quickRandomSeuil,testset3,1000,0.0271
quickRandomSeuil,testset3,1000,0.0271
quickRandomSeuil,testset3,1000,0.0275
quickRandomSeuil,testset3,1000,0.0273
quickRandomSeuil,testset3,1000,0.027
quickRandomSeuil,testset3,1000,0.0272
quickRandomSeuil,testset3,1000,0.027
quickRandomSeuil,testset3,1000,0.0267
quickRandomSeuil,testset3,1000,0.0271
quickRandomSeuil,testset3,1000,0.0475
quickRandomSeuil,testset3,1000,0.0277
quickRandomSeuil,testset3,1000,0.0271
quickRandomSeuil,testset3,1000,0.0271
quickRandomSeuil,testset3,1000,0.0272
quickRandomSeuil,testset3,1000,0.0272
quickRandomSeuil,testset3,1000,0.0273
quickRandomSeuil,testset3,1000,0.0277
quickRandomSeuil,testset3,1000,0.0279
quickRandomSeuil,testset3,1000,0.0346
quickRandomSeuil,testset3,1000,0.0296
quickRandomSeuil,testset3,1000,0.0296
quickRandomSeuil,testset3,1000,0.0295
quickRandomSeuil,testset3,1000,0.0305
quickRandomSeuil,testset3,1000,0.0285
quickRandomSeuil,testset3,1000,0.0308
quickRandomSeuil,testset3,1000,0.0376
quickRandomSeuil,testset3,1000,0.0282
quickRandomSeuil,testset3,1000,0.0287
quickRandomSeuil,testset3,1000,0.0307
quickRandomSeuil,testset3,1000,0.029
quickRandomSeuil,testset3,1000,0.0292
quickRandomSeuil,testset3,1000,0.0291
quickRandomSeuil,testset3,1000,0.0295
quickRandomSeuil,testset3,1000,0.029
quickRandomSeuil,testset3,1000,0.0288
quickRandomSeuil,testset3,1000,0.0287
quickRandomSeuil,testset3,1000,0.0298
quickRandomSeuil,testset3,1000,0.0416
quickRandomSeuil,testset3,1000,0.0326
quickRandomSeuil,testset3,10000,0.2879
quickRandomSeuil,testset3,10000,0.2879
quickRandomSeuil,testset3,10000,0.2883
quickRandomSeuil,testset3,10000,0.2922
quickRandomSeuil,testset3,10000,0.2872
quickRandomSeuil,testset3,10000,0.2887
quickRandomSeuil,testset3,10000,0.3366
quickRandomSeuil,testset3,10000,0.2885
quickRandomSeuil,testset3,10000,0.2895
quickRandomSeuil,testset3,10000,0.2916
quickRandomSeuil,testset3,10000,0.2783
quickRandomSeuil,testset3,10000,0.2774
quickRandomSeuil,testset3,10000,0.3591
quickRandomSeuil,testset3,10000,0.2799
quickRandomSeuil,testset3,10000,0.2725
quickRandomSeuil,testset3,10000,0.2735
quickRandomSeuil,testset3,10000,0.4548
quickRandomSeuil,testset3,10000,0.2733
quickRandomSeuil,testset3,10000,0.2833
quickRandomSeuil,testset3,10000,0.4387
quickRandomSeuil,testset3,10000,0.2701
quickRandomSeuil,testset3,10000,0.2736
quickRandomSeuil,testset3,10000,0.3061
quickRandomSeuil,testset3,10000,0.2875
quickRandomSeuil,testset3,10000,0.275
quickRandomSeuil,testset3,10000,0.3306
quickRandomSeuil,testset3,10000,0.3029
quickRandomSeuil,testset3,10000,0.2703
quickRandomSeuil,testset3,10000,0.3539
quickRandomSeuil,testset3,10000,0.2701
quickRandomSeuil,testset3,10000,0.2754
quickRandomSeuil,testset3,10000,0.2747
quickRandomSeuil,testset3,10000,0.2798
quickRandomSeuil,testset3,10000,0.2686
quickRandomSeuil,testset3,10000,0.2743
quickRandomSeuil,testset3,10000,0.2748
quickRandomSeuil,testset3,10000,0.2746
quickRandomSeuil,testset3,10000,0.2741
quickRandomSeuil,testset3,10000,0.2772
quickRandomSeuil,testset3,10000,0.3207
quickRandomSeuil,testset3,10000,0.2774
quickRandomSeuil,testset3,10000,0.293
quickRandomSeuil,testset3,10000,0.3062
quickRandomSeuil,testset3,10000,0.2922
quickRandomSeuil,testset3,10000,0.2951
quickRandomSeuil,testset3,10000,0.3206
quickRandomSeuil,testset3,10000,0.4011
quickRandomSeuil,testset3,10000,0.3118
quickRandomSeuil,testset3,10000,0.3212
quickRandomSeuil,testset3,10000,0.339
quickRandomSeuil,testset3,10000,0.2949
quickRandomSeuil,testset3,10000,0.32
quickRandomSeuil,testset3,10000,0.3069
quickRandomSeuil,testset3,10000,0.2932
quickRandomSeuil,testset3,10000,0.2813
quickRandomSeuil,testset3,10000,0.3313
quickRandomSeuil,testset3,10000,0.2937
quickRandomSeuil,testset3,10000,0.4162
quickRandomSeuil,testset3,10000,0.3325
quickRandomSeuil,testset3,10000,0.3162
quickRandomSeuil,testset3,10000,0.2825
quickRandomSeuil,testset3,10000,0.3176
quickRandomSeuil,testset3,10000,0.3743
quickRandomSeuil,testset3,10000,0.286
quickRandomSeuil,testset3,10000,0.6135
quickRandomSeuil,testset3,10000,0.2926
quickRandomSeuil,testset3,10000,0.2886
quickRandomSeuil,testset3,10000,0.2931
quickRandomSeuil,testset3,10000,0.2853
quickRandomSeuil,testset3,10000,0.3371
quickRandomSeuil,testset3,10000,0.3828
quickRandomSeuil,testset3,10000,0.3806
quickRandomSeuil,testset3,10000,0.3316
quickRandomSeuil,testset3,10000,0.286
quickRandomSeuil,testset3,10000,0.4227
quickRandomSeuil,testset3,10000,0.2792
quickRandomSeuil,testset3,10000,0.2851
quickRandomSeuil,testset3,10000,0.2748
quickRandomSeuil,testset3,10000,0.2729
quickRandomSeuil,testset3,10000,0.3169
quickRandomSeuil,testset3,10000,0.2865
quickRandomSeuil,testset3,10000,0.275
quickRandomSeuil,testset3,10000,0.2743
quickRandomSeuil,testset3,10000,0.2777
quickRandomSeuil,testset3,10000,0.3084
quickRandomSeuil,testset3,10000,0.2788
quickRandomSeuil,testset3,10000,0.3366
quickRandomSeuil,testset3,10000,0.3335
quickRandomSeuil,testset3,10000,0.2773
quickRandomSeuil,testset3,10000,0.278
quickRandomSeuil,testset3,10000,0.2808
quickRandomSeuil,testset3,10000,0.2864
quickRandomSeuil,testset3,10000,0.2729
quickRandomSeuil,testset3,10000,0.2728
quickRandomSeuil,testset3,10000,0.2728
quickRandomSeuil,testset3,10000,0.2732
quickRandomSeuil,testset3,10000,0.3397
quickRandomSeuil,testset3,10000,0.3352
quickRandomSeuil,testset3,10000,0.277
quickRandomSeuil,testset3,10000,0.2747
quickRandomSeuil,testset3,100000,3.4109
quickRandomSeuil,testset3,100000,3.6185
quickRandomSeuil,testset3,100000,3.8663
quickRandomSeuil,testset3,100000,3.3308
quickRandomSeuil,testset3,100000,3.4857
quickRandomSeuil,testset3,100000,3.2608
quickRandomSeuil,testset3,100000,3.6706
quickRandomSeuil,testset3,100000,3.2039
quickRandomSeuil,testset3,100000,3.2215
quickRandomSeuil,testset3,100000,3.3634
quickRandomSeuil,testset3,100000,3.4744
quickRandomSeuil,testset3,100000,3.5441
quickRandomSeuil,testset3,100000,3.8597
quickRandomSeuil,testset3,100000,3.3985
quickRandomSeuil,testset3,100000,3.6971
quickRandomSeuil,testset3,100000,4.0474
quickRandomSeuil,testset3,100000,3.4912
quickRandomSeuil,testset3,100000,3.4156
quickRandomSeuil,testset3,100000,3.4669
quickRandomSeuil,testset3,100000,3.7937
quickRandomSeuil,testset3,100000,3.3221
quickRandomSeuil,testset3,100000,3.3416
quickRandomSeuil,testset3,100000,3.3596
quickRandomSeuil,testset3,100000,3.4301
quickRandomSeuil,testset3,100000,3.4581
quickRandomSeuil,testset3,100000,3.2733
quickRandomSeuil,testset3,100000,3.3525
quickRandomSeuil,testset3,100000,3.804
quickRandomSeuil,testset3,100000,3.3763
quickRandomSeuil,testset3,100000,3.3054
quickRandomSeuil,testset3,100000,3.3747
quickRandomSeuil,testset3,100000,3.4242
quickRandomSeuil,testset3,100000,3.4853
quickRandomSeuil,testset3,100000,3.9787
quickRandomSeuil,testset3,100000,3.3564
quickRandomSeuil,testset3,100000,3.4865
quickRandomSeuil,testset3,100000,3.3271
quickRandomSeuil,testset3,100000,3.344
quickRandomSeuil,testset3,100000,3.464
quickRandomSeuil,testset3,100000,3.5014
quickRandomSeuil,testset3,100000,3.4163
quickRandomSeuil,testset3,100000,3.8124
quickRandomSeuil,testset3,100000,3.3726
quickRandomSeuil,testset3,100000,3.3472
quickRandomSeuil,testset3,100000,3.42
quickRandomSeuil,testset3,100000,3.7725
quickRandomSeuil,testset3,100000,3.3895
quickRandomSeuil,testset3,100000,3.3822
quickRandomSeuil,testset3,100000,3.4587
quickRandomSeuil,testset3,100000,3.8599
quickRandomSeuil,testset3,100000,3.5574
quickRandomSeuil,testset3,100000,4.2035
quickRandomSeuil,testset3,100000,4.2436
quickRandomSeuil,testset3,100000,3.4958
quickRandomSeuil,testset3,100000,3.783
quickRandomSeuil,testset3,100000,3.5935
quickRandomSeuil,testset3,100000,3.4694
quickRandomSeuil,testset3,100000,3.5358
quickRandomSeuil,testset3,100000,3.4944
quickRandomSeuil,testset3,100000,3.4418
quickRandomSeuil,testset3,100000,3.6213
quickRandomSeuil,testset3,100000,3.4076
quickRandomSeuil,testset3,100000,3.4351
quickRandomSeuil,testset3,100000,3.3371
quickRandomSeuil,testset3,100000,3.3995
quickRandomSeuil,testset3,100000,3.8091
quickRandomSeuil,testset3,100000,3.897
quickRandomSeuil,testset3,100000,3.4009
quickRandomSeuil,testset3,100000,3.6207
quickRandomSeuil,testset3,100000,4.0061
quickRandomSeuil,testset3,100000,3.4243
quickRandomSeuil,testset3,100000,3.5769
quickRandomSeuil,testset3,100000,3.3861
quickRandomSeuil,testset3,100000,3.3057
quickRandomSeuil,testset3,100000,3.4218
quickRandomSeuil,testset3,100000,3.3966
quickRandomSeuil,testset3,100000,3.5556
quickRandomSeuil,testset3,100000,3.6026
quickRandomSeuil,testset3,100000,3.5293
quickRandomSeuil,testset3,100000,3.5177
quickRandomSeuil,testset3,100000,3.4364
quickRandomSeuil,testset3,100000,3.3644
quickRandomSeuil,testset3,100000,3.403
quickRandomSeuil,testset3,100000,3.7497
quickRandomSeuil,testset3,100000,3.4498
quickRandomSeuil,testset3,100000,3.2785
quickRandomSeuil,testset3,100000,3.5062
quickRandomSeuil,testset3,100000,3.2891
quickRandomSeuil,testset3,100000,3.3164
quickRandomSeuil,testset3,100000,3.5997
quickRandomSeuil,testset3,100000,3.0897
quickRandomSeuil,testset3,100000,3.1951
quickRandomSeuil,testset3,100000,3.1541
quickRandomSeuil,testset3,100000,3.2883
quickRandomSeuil,testset3,100000,3.1479
quickRandomSeuil,testset3,100000,3.6067
quickRandomSeuil,testset3,100000,3.6765
quickRandomSeuil,testset3,100000,3.3694
quickRandomSeuil,testset3,100000,3.7169
quickRandomSeuil,testset3,100000,3.3719
quickRandomSeuil,testset3,5000,0.1332
quickRandomSeuil,testset3,5000,0.158
quickRandomSeuil,testset3,5000,0.1335
quickRandomSeuil,testset3,5000,0.1806
quickRandomSeuil,testset3,5000,0.1585
quickRandomSeuil,testset3,5000,0.1338
quickRandomSeuil,testset3,5000,0.1344
quickRandomSeuil,testset3,5000,0.2818
quickRandomSeuil,testset3,5000,0.1336
quickRandomSeuil,testset3,5000,0.1578
quickRandomSeuil,testset3,5000,0.1426
quickRandomSeuil,testset3,5000,0.1391
quickRandomSeuil,testset3,5000,0.1435
quickRandomSeuil,testset3,5000,0.1389
quickRandomSeuil,testset3,5000,0.1388
quickRandomSeuil,testset3,5000,0.135
quickRandomSeuil,testset3,5000,0.1525
quickRandomSeuil,testset3,5000,0.1672
quickRandomSeuil,testset3,5000,0.1479
quickRandomSeuil,testset3,5000,0.1483
quickRandomSeuil,testset3,5000,0.1332
quickRandomSeuil,testset3,5000,0.1336
quickRandomSeuil,testset3,5000,0.1363
quickRandomSeuil,testset3,5000,0.1667
quickRandomSeuil,testset3,5000,0.1478
quickRandomSeuil,testset3,5000,0.1359
quickRandomSeuil,testset3,5000,0.1378
quickRandomSeuil,testset3,5000,0.1353
quickRandomSeuil,testset3,5000,0.1358
quickRandomSeuil,testset3,5000,0.1356
quickRandomSeuil,testset3,5000,0.1378
quickRandomSeuil,testset3,5000,0.1352
quickRandomSeuil,testset3,5000,0.135
quickRandomSeuil,testset3,5000,0.156
quickRandomSeuil,testset3,5000,0.177
quickRandomSeuil,testset3,5000,0.1349
quickRandomSeuil,testset3,5000,0.1561
quickRandomSeuil,testset3,5000,0.1342
quickRandomSeuil,testset3,5000,0.1367
quickRandomSeuil,testset3,5000,0.1361
quickRandomSeuil,testset3,5000,0.1374
quickRandomSeuil,testset3,5000,0.1395
quickRandomSeuil,testset3,5000,0.1375
quickRandomSeuil,testset3,5000,0.1546
quickRandomSeuil,testset3,5000,0.1425
quickRandomSeuil,testset3,5000,0.1367
quickRandomSeuil,testset3,5000,0.137
quickRandomSeuil,testset3,5000,0.1372
quickRandomSeuil,testset3,5000,0.1369
quickRandomSeuil,testset3,5000,0.1363
quickRandomSeuil,testset3,5000,0.1403
quickRandomSeuil,testset3,5000,0.2242
quickRandomSeuil,testset3,5000,0.1354
quickRandomSeuil,testset3,5000,0.1557
quickRandomSeuil,testset3,5000,0.1348
quickRandomSeuil,testset3,5000,0.1325
quickRandomSeuil,testset3,5000,0.1319
quickRandomSeuil,testset3,5000,0.1321
quickRandomSeuil,testset3,5000,0.139
quickRandomSeuil,testset3,5000,0.1585
quickRandomSeuil,testset3,5000,0.1345
quickRandomSeuil,testset3,5000,0.135
quickRandomSeuil,testset3,5000,0.1349
quickRandomSeuil,testset3,5000,0.1347
quickRandomSeuil,testset3,5000,0.1938
quickRandomSeuil,testset3,5000,0.1381
quickRandomSeuil,testset3,5000,0.132
quickRandomSeuil,testset3,5000,0.1354
quickRandomSeuil,testset3,5000,0.1585
quickRandomSeuil,testset3,5000,0.1349
quickRandomSeuil,testset3,5000,0.1898
quickRandomSeuil,testset3,5000,0.1359
quickRandomSeuil,testset3,5000,0.1391
quickRandomSeuil,testset3,5000,0.1312
quickRandomSeuil,testset3,5000,0.1539
quickRandomSeuil,testset3,5000,0.1306
quickRandomSeuil,testset3,5000,0.1498
quickRandomSeuil,testset3,5000,0.1312
quickRandomSeuil,testset3,5000,0.1326
quickRandomSeuil,testset3,5000,0.1307
quickRandomSeuil,testset3,5000,0.1427
quickRandomSeuil,testset3,5000,0.2339
quickRandomSeuil,testset3,5000,0.1398
quickRandomSeuil,testset3,5000,0.14
quickRandomSeuil,testset3,5000,0.1399
quickRandomSeuil,testset3,5000,0.1396
quickRandomSeuil,testset3,5000,0.1401
quickRandomSeuil,testset3,5000,0.1465
quickRandomSeuil,testset3,5000,0.1437
quickRandomSeuil,testset3,5000,0.1428
quickRandomSeuil,testset3,5000,0.1892
quickRandomSeuil,testset3,5000,0.1342
quickRandomSeuil,testset3,5000,0.1372
quickRandomSeuil,testset3,5000,0.1363
quickRandomSeuil,testset3,5000,0.1404
quickRandomSeuil,testset3,5000,0.1451
quickRandomSeuil,testset3,5000,0.1372
quickRandomSeuil,testset3,5000,0.1773
quickRandomSeuil,testset3,5000,0.1399
quickRandomSeuil,testset3,5000,0.1422
quickRandomSeuil,testset3,50000,1.7267
quickRandomSeuil,testset3,50000,2.0622
quickRandomSeuil,testset3,50000,1.8804
quickRandomSeuil,testset3,50000,1.6556
quickRandomSeuil,testset3,50000,1.7026
quickRandomSeuil,testset3,50000,1.6823
quickRandomSeuil,testset3,50000,1.7367
quickRandomSeuil,testset3,50000,1.7016
quickRandomSeuil,testset3,50000,1.5488
quickRandomSeuil,testset3,50000,1.7958
quickRandomSeuil,testset3,50000,1.5425
quickRandomSeuil,testset3,50000,1.5581
quickRandomSeuil,testset3,50000,1.9617
quickRandomSeuil,testset3,50000,1.6956
quickRandomSeuil,testset3,50000,1.5519
quickRandomSeuil,testset3,50000,1.5912
quickRandomSeuil,testset3,50000,1.8361
quickRandomSeuil,testset3,50000,1.5234
quickRandomSeuil,testset3,50000,1.5475
quickRandomSeuil,testset3,50000,1.5451
quickRandomSeuil,testset3,50000,1.555
quickRandomSeuil,testset3,50000,1.5992
quickRandomSeuil,testset3,50000,2.1214
quickRandomSeuil,testset3,50000,1.507
quickRandomSeuil,testset3,50000,1.6822
quickRandomSeuil,testset3,50000,1.664
quickRandomSeuil,testset3,50000,1.6855
quickRandomSeuil,testset3,50000,1.501
quickRandomSeuil,testset3,50000,1.549
quickRandomSeuil,testset3,50000,1.5693
quickRandomSeuil,testset3,50000,1.5231
quickRandomSeuil,testset3,50000,1.536
quickRandomSeuil,testset3,50000,1.5784
quickRandomSeuil,testset3,50000,1.7089
quickRandomSeuil,testset3,50000,1.6667
quickRandomSeuil,testset3,50000,1.6368
quickRandomSeuil,testset3,50000,1.579
quickRandomSeuil,testset3,50000,1.6294
quickRandomSeuil,testset3,50000,1.5772
quickRandomSeuil,testset3,50000,1.4866
quickRandomSeuil,testset3,50000,1.5501
quickRandomSeuil,testset3,50000,1.5995
quickRandomSeuil,testset3,50000,1.6588
quickRandomSeuil,testset3,50000,1.6068
quickRandomSeuil,testset3,50000,1.7084
quickRandomSeuil,testset3,50000,1.6292
quickRandomSeuil,testset3,50000,1.5863
quickRandomSeuil,testset3,50000,1.9705
quickRandomSeuil,testset3,50000,1.6727
quickRandomSeuil,testset3,50000,1.7196
quickRandomSeuil,testset3,50000,1.5325
quickRandomSeuil,testset3,50000,1.5156
quickRandomSeuil,testset3,50000,1.5934
quickRandomSeuil,testset3,50000,1.5072
quickRandomSeuil,testset3,50000,1.6089
quickRandomSeuil,testset3,50000,1.5585
quickRandomSeuil,testset3,50000,1.6383
quickRandomSeuil,testset3,50000,1.6407
quickRandomSeuil,testset3,50000,1.591
quickRandomSeuil,testset3,50000,1.5679
quickRandomSeuil,testset3,50000,1.5763
quickRandomSeuil,testset3,50000,1.6483
quickRandomSeuil,testset3,50000,1.5709
quickRandomSeuil,testset3,50000,1.7687
quickRandomSeuil,testset3,50000,1.6698
quickRandomSeuil,testset3,50000,1.603
quickRandomSeuil,testset3,50000,1.6352
quickRandomSeuil,testset3,50000,1.7632
quickRandomSeuil,testset3,50000,1.6519
quickRandomSeuil,testset3,50000,1.6292
quickRandomSeuil,testset3,50000,1.6368
quickRandomSeuil,testset3,50000,1.7503
quickRandomSeuil,testset3,50000,1.5926
quickRandomSeuil,testset3,50000,1.6029
quickRandomSeuil,testset3,50000,1.6352
quickRandomSeuil,testset3,50000,1.6634
quickRandomSeuil,testset3,50000,1.8152
quickRandomSeuil,testset3,50000,1.6194
quickRandomSeuil,testset3,50000,1.6643
quickRandomSeuil,testset3,50000,1.7014
quickRandomSeuil,testset3,50000,1.6118
quickRandomSeuil,testset3,50000,1.5833
quickRandomSeuil,testset3,50000,1.6208
quickRandomSeuil,testset3,50000,1.6451
quickRandomSeuil,testset3,50000,1.5415
quickRandomSeuil,testset3,50000,1.5869
quickRandomSeuil,testset3,50000,1.5395
quickRandomSeuil,testset3,50000,1.5891
quickRandomSeuil,testset3,50000,1.5074
quickRandomSeuil,testset3,50000,1.5751
quickRandomSeuil,testset3,50000,1.5917
quickRandomSeuil,testset3,50000,1.606
quickRandomSeuil,testset3,50000,1.586
quickRandomSeuil,testset3,50000,1.5687
quickRandomSeuil,testset3,50000,1.5391
quickRandomSeuil,testset3,50000,1.8077
quickRandomSeuil,testset3,50000,1.5377
quickRandomSeuil,testset3,50000,1.5885
quickRandomSeuil,testset3,50000,1.6757
quickRandomSeuil,testset3,50000,1.6015
quickRandomSeuil,testset3,500000,19.3189
quickRandomSeuil,testset3,500000,20.5511
quickRandomSeuil,testset3,500000,20.8548
quickRandomSeuil,testset3,500000,20.1303
quickRandomSeuil,testset3,500000,20.7215
quickRandomSeuil,testset3,500000,20.2044
quickRandomSeuil,testset3,500000,20.6027
quickRandomSeuil,testset3,500000,20.4959
quickRandomSeuil,testset3,500000,21.164
quickRandomSeuil,testset3,500000,20.8414
quickRandomSeuil,testset3,500000,19.4895
quickRandomSeuil,testset3,500000,21.0492
quickRandomSeuil,testset3,500000,19.9643
quickRandomSeuil,testset3,500000,20.0987
quickRandomSeuil,testset3,500000,19.8093
quickRandomSeuil,testset3,500000,19.5734
quickRandomSeuil,testset3,500000,19.5289
quickRandomSeuil,testset3,500000,19.8296
quickRandomSeuil,testset3,500000,19.8624
quickRandomSeuil,testset3,500000,19.7502
quickRandomSeuil,testset3,500000,19.5944
quickRandomSeuil,testset3,500000,19.8658
quickRandomSeuil,testset3,500000,19.1822
quickRandomSeuil,testset3,500000,20.1613
quickRandomSeuil,testset3,500000,19.8062
quickRandomSeuil,testset3,500000,19.813
quickRandomSeuil,testset3,500000,19.6774
quickRandomSeuil,testset3,500000,19.1765
quickRandomSeuil,testset3,500000,20.442
quickRandomSeuil,testset3,500000,19.1358
quickRandomSeuil,testset3,500000,21.1645
quickRandomSeuil,testset3,500000,19.5448
quickRandomSeuil,testset3,500000,19.388
quickRandomSeuil,testset3,500000,20.1879
quickRandomSeuil,testset3,500000,20.5887
quickRandomSeuil,testset3,500000,19.9997
quickRandomSeuil,testset3,500000,19.8385
quickRandomSeuil,testset3,500000,19.6409
quickRandomSeuil,testset3,500000,19.4985
quickRandomSeuil,testset3,500000,19.583
quickRandomSeuil,testset3,500000,20.2531
quickRandomSeuil,testset3,500000,20.0431
quickRandomSeuil,testset3,500000,19.8649
quickRandomSeuil,testset3,500000,19.702
quickRandomSeuil,testset3,500000,19.7437
quickRandomSeuil,testset3,500000,20.0956
quickRandomSeuil,testset3,500000,20.0122
quickRandomSeuil,testset3,500000,19.9887
quickRandomSeuil,testset3,500000,19.84
quickRandomSeuil,testset3,500000,20.5313
quickRandomSeuil,testset3,500000,20.4742
quickRandomSeuil,testset3,500000,19.5964
quickRandomSeuil,testset3,500000,19.213
quickRandomSeuil,testset3,500000,19.4102
quickRandomSeuil,testset3,500000,20.0127
quickRandomSeuil,testset3,500000,21.3
quickRandomSeuil,testset3,500000,21.5158
quickRandomSeuil,testset3,500000,20.9573
quickRandomSeuil,testset3,500000,21.4245
quickRandomSeuil,testset3,500000,19.143
quickRandomSeuil,testset3,500000,20.0297
quickRandomSeuil,testset3,500000,19.6898
quickRandomSeuil,testset3,500000,20.042
quickRandomSeuil,testset3,500000,19.9487
quickRandomSeuil,testset3,500000,20.8969
quickRandomSeuil,testset3,500000,20.9204
quickRandomSeuil,testset3,500000,20.3889
quickRandomSeuil,testset3,500000,21.1134
quickRandomSeuil,testset3,500000,19.7269
quickRandomSeuil,testset3,500000,19.2758
quickRandomSeuil,testset3,500000,21.8326
quickRandomSeuil,testset3,500000,20.2138
quickRandomSeuil,testset3,500000,21.8387
quickRandomSeuil,testset3,500000,20.0084
quickRandomSeuil,testset3,500000,21.1255
quickRandomSeuil,testset3,500000,21.2844
quickRandomSeuil,testset3,500000,20.5185
quickRandomSeuil,testset3,500000,26.2602
quickRandomSeuil,testset3,500000,23.2518
quickRandomSeuil,testset3,500000,19.9979
quickRandomSeuil,testset3,500000,20.6456
quickRandomSeuil,testset3,500000,22.0694
quickRandomSeuil,testset3,500000,21.1023
quickRandomSeuil,testset3,500000,21.2731
quickRandomSeuil,testset3,500000,20.5703
quickRandomSeuil,testset3,500000,19.936
quickRandomSeuil,testset3,500000,21.1899
quickRandomSeuil,testset3,500000,20.2833
quickRandomSeuil,testset3,500000,20.4725
quickRandomSeuil,testset3,500000,20.8175
quickRandomSeuil,testset3,500000,21.4281
quickRandomSeuil,testset3,500000,21.3841
quickRandomSeuil,testset3,500000,20.7739
quickRandomSeuil,testset3,500000,21.5514
quickRandomSeuil,testset3,500000,26.1274
quickRandomSeuil,testset3,500000,22.0842
quickRandomSeuil,testset3,500000,22.0421
quickRandomSeuil,testset3,500000,21.4874
quickRandomSeuil,testset3,500000,20.5429
quickRandomSeuil,testset3,500000,21.1649
